{
  "state_only_action_acc_decision": {
    "0.0": 0.9115943741874483,
    "0.1": 0.7835146034461689,
    "0.2": 0.7123182075132329
  },
  "norm_local_entropy_k50": {
    "0.0": 0.3796056044392667,
    "0.1": 0.6947405608749767,
    "0.2": 0.7964018337221248
  },
  "frac_neighborhoods_all3_groups_k50": {
    "0.0": 0.3125,
    "0.1": 0.90125,
    "0.2": 0.98125
  },
  "frac_min_prop_lt0.05_decision": {
    "0.0": 0.8729464602292873,
    "0.1": 0.3920933642918245,
    "0.2": 0.10365383627113418
  },
  "cross_action_nn_ratio": {
    "0.0": 2.861538893094957,
    "0.1": 1.2697407522388582,
    "0.2": 1.0510011194588451
  },
  "win_rate": {
    "0.0": 1.0,
    "0.1": 0.9166666666666666,
    "0.2": 0.23333333333333334
  },
  "reach15_rate": {
    "0.0": 0.9666666666666667,
    "0.1": 0.08333333333333333,
    "0.2": 0.0
  },
  "avg_return": {
    "0.0": 19.3,
    "0.1": 7.25,
    "0.2": -4.033333333333333
  },
  "mean_rally": {
    "0.0": 81.21262828294364,
    "0.1": 76.10346006192864,
    "0.2": 71.72921618665978
  },
  "U_added_nll_improvement_decision": {
    "0.0": -0.002374708617903093,
    "0.1": 0.0019842861225382036,
    "0.2": -0.005564087726604328
  },
  "U_added_acc_improvement_decision": {
    "0.0": -0.0031911121616829963,
    "0.1": -0.001405352560185702,
    "0.2": -0.0005652911249293124
  },
  "H12_branch_diversity_gt1": {
    "0.0": 0.75,
    "0.1": 0.5875,
    "0.2": 0.5
  },
  "H16_branch_diversity_gt1": {
    "0.0": 0.6875,
    "0.1": 0.575,
    "0.2": 0.5256410256410257
  },
  "H12_branch_decoder_acc": {
    "0.0": 0.7666666666666666,
    "0.1": 0.6166666666666666,
    "0.2": 0.5598290598290598
  },
  "H16_branch_decoder_acc": {
    "0.0": 0.7416666666666667,
    "0.1": 0.60625,
    "0.2": 0.5576923076923077
  }
}