{
  "state_only_propensity": {
    "all": {
      "top1": 0.5361059999278421,
      "balanced_acc": 0.533647887059321,
      "nll": 0.9014715802203106,
      "brier": 0.5401325340021882,
      "ece": 0.011115458941647588,
      "majority_acc": 0.353889309809864,
      "per_action_recall": [
        0.41726140599266087,
        0.653900172860847,
        0.5297820823244552
      ]
    },
    "decision": {
      "top1": 0.9115943741874483,
      "balanced_acc": 0.9151779426481227,
      "nll": 0.2412260911205631,
      "brier": 0.12881967632671312,
      "ece": 0.034204458436126794,
      "majority_acc": 0.3831698380806051,
      "per_action_recall": [
        0.8834375,
        0.9410599306587419,
        0.9210363972856261
      ]
    },
    "ordinary": {
      "top1": 0.5050826603650141,
      "balanced_acc": 0.5005482519094738,
      "nll": 0.9560219242717228,
      "brier": 0.5741157391423856,
      "ece": 0.0094714670291585,
      "majority_acc": 0.351470114347652,
      "per_action_recall": [
        0.3697666273997899,
        0.6373375232109698,
        0.4945406051176618
      ]
    }
  },
  "propensity_distribution": {
    "all": {
      "n": 110868,
      "p_obs_mean": 0.4536218995917793,
      "p_obs_median": 0.38535054385930545,
      "min_prop_mean": 0.19343505489931498,
      "max_prop_mean": 0.5260646605821382,
      "action_entropy_mean": 0.9223690449429235,
      "norm_entropy_mean": 0.8395764861333812,
      "frac_min_lt_0.01": 0.06542915899989177,
      "frac_min_lt_0.05": 0.1588014575892052,
      "frac_min_lt_0.10": 0.21408341451094995,
      "frac_max_gt_0.90": 0.09459898257387163,
      "frac_max_gt_0.80": 0.13638741566547607
    },
    "decision": {
      "n": 8461,
      "p_obs_mean": 0.8455784957232002,
      "p_obs_median": 0.9553942580269079,
      "min_prop_mean": 0.02422302470878754,
      "max_prop_mean": 0.8773899157513215,
      "action_entropy_mean": 0.33321777987772083,
      "norm_entropy_mean": 0.30330789425420834,
      "frac_min_lt_0.01": 0.5733364850490485,
      "frac_min_lt_0.05": 0.8729464602292873,
      "frac_min_lt_0.10": 0.9403143836425955,
      "frac_max_gt_0.90": 0.6701335539534334,
      "frac_max_gt_0.80": 0.7741401725564354
    },
    "ordinary": {
      "n": 102407,
      "p_obs_mean": 0.42123793404383864,
      "p_obs_median": 0.374108186320715,
      "min_prop_mean": 0.20741557368652733,
      "max_prop_mean": 0.49703770945588244,
      "action_entropy_mean": 0.9710454914135423,
      "norm_entropy_mean": 0.8838836971237399,
      "frac_min_lt_0.01": 0.023465192809085315,
      "frac_min_lt_0.05": 0.09979786538029627,
      "frac_min_lt_0.10": 0.1540812639760954,
      "frac_max_gt_0.90": 0.047047565107853954,
      "frac_max_gt_0.80": 0.08369545050631305
    }
  },
  "effective_sample_support": {
    "STAY": {
      "n": 34609,
      "ess": 23032.13680828961,
      "ess_frac": 0.6654955880923925,
      "clip_min": 0.02
    },
    "UP": {
      "n": 37024,
      "ess": 22370.91891653404,
      "ess_frac": 0.6042274988260058,
      "clip_min": 0.02
    },
    "DOWN": {
      "n": 39235,
      "ess": 27049.12905791429,
      "ess_frac": 0.6894132549487522,
      "clip_min": 0.02
    }
  }
}