{
  "n_episodes": 60,
  "return": {
    "mean": 19.3,
    "median": 20.0,
    "std": 2.1158134763411134,
    "ci95": [
      18.716666666666665,
      19.8
    ]
  },
  "win_rate": {
    "mean": 1.0,
    "median": 1.0,
    "std": 0.0,
    "ci95": [
      1.0,
      1.0
    ]
  },
  "loss_rate": {
    "mean": 0.0,
    "median": 0.0,
    "std": 0.0,
    "ci95": [
      0.0,
      0.0
    ]
  },
  "reach15_rate": {
    "mean": 0.9666666666666667,
    "median": 1.0,
    "std": 0.17950549357115012,
    "ci95": [
      0.9166666666666666,
      1.0
    ]
  },
  "final_score_diff": {
    "mean": 19.3,
    "median": 20.0,
    "std": 2.1158134763411134,
    "ci95": [
      18.716666666666665,
      19.8
    ]
  },
  "mean_rally": {
    "mean": 81.21262828294364,
    "median": 80.76190476190476,
    "std": 3.639848070470304,
    "ci95": [
      80.31710216443753,
      82.1261889187051
    ]
  },
  "median_rally_per_ep": {
    "mean": 78.0,
    "median": 78.0,
    "std": 0.0,
    "ci95": [
      78.0,
      78.0
    ]
  },
  "agent_points": {
    "mean": 21.0,
    "median": 21.0,
    "std": 0.0,
    "ci95": [
      21.0,
      21.0
    ]
  },
  "opp_points": {
    "mean": 1.7,
    "median": 1.0,
    "std": 2.1158134763411134,
    "ci95": [
      1.2,
      2.283333333333333
    ]
  },
  "episode_len": {
    "mean": 1847.8,
    "median": 1795.5,
    "std": 225.0331679256786,
    "ci95": [
      1795.4795833333333,
      1907.7749999999999
    ]
  },
  "life_loss_total": 0,
  "truncation_rate": 0.0,
  "termination_rate": 1.0,
  "action_source": {
    "teacher": 1.0,
    "epsilon_random": 0.0
  },
  "exact_action_freq": [
    0.1375,
    0.1747,
    0.1681,
    0.1775,
    0.1659,
    0.1764
  ],
  "semantic_action_freq": [
    0.3122,
    0.3339,
    0.3539
  ]
}