{
  "all": {
    "S_only": {
      "top1": 0.5361059999278421,
      "balanced_acc": 0.533647887059321,
      "nll": 0.9014715802203106,
      "brier": 0.5401325340021882,
      "ece": 0.011115458941647588,
      "majority_acc": 0.353889309809864,
      "per_action_recall": [
        0.41726140599266087,
        0.653900172860847,
        0.5297820823244552
      ]
    },
    "S_plus_U": {
      "top1": 0.5401558610239203,
      "balanced_acc": 0.5372584207030239,
      "nll": 0.8933972409211366,
      "brier": 0.5347475429234189,
      "ece": 0.0136252964536819,
      "majority_acc": 0.353889309809864,
      "per_action_recall": [
        0.4135918402727614,
        0.6507130509939498,
        0.5474703708423602
      ]
    },
    "S_plus_U_permuted": {
      "top1": 0.5322545730057365,
      "balanced_acc": 0.529704409945416,
      "nll": 0.905207021512718,
      "brier": 0.542414586938309,
      "ece": 0.01184580084410504,
      "majority_acc": 0.353889309809864,
      "per_action_recall": [
        0.4101823225172643,
        0.6519014693171996,
        0.5270294380017841
      ]
    },
    "U_nll_reduction": 0.008074339299174005,
    "U_acc_improvement": 0.004049861096078189,
    "U_permutation_importance_nll": 0.011809780591581442
  },
  "decision": {
    "S_only": {
      "top1": 0.9115943741874483,
      "balanced_acc": 0.9151779426481227,
      "nll": 0.2412260911205631,
      "brier": 0.12881967632671312,
      "ece": 0.034204458436126794,
      "majority_acc": 0.3831698380806051,
      "per_action_recall": [
        0.8834375,
        0.9410599306587419,
        0.9210363972856261
      ]
    },
    "S_plus_U": {
      "top1": 0.9084032620257653,
      "balanced_acc": 0.911947018534441,
      "nll": 0.24360079973846618,
      "brier": 0.12965341761284585,
      "ece": 0.03695600122823381,
      "majority_acc": 0.3831698380806051,
      "per_action_recall": [
        0.8790625,
        0.937592867756315,
        0.919185687847008
      ]
    },
    "S_plus_U_permuted": {
      "top1": 0.9082850726864437,
      "balanced_acc": 0.9120431897513414,
      "nll": 0.24841837295947364,
      "brier": 0.1326372210479369,
      "ece": 0.03691946596210991,
      "majority_acc": 0.3831698380806051,
      "per_action_recall": [
        0.881875,
        0.9390787518573551,
        0.9151758173966688
      ]
    },
    "U_nll_reduction": -0.002374708617903093,
    "U_acc_improvement": -0.0031911121616829963,
    "U_permutation_importance_nll": 0.004817573221007454
  },
  "ordinary": {
    "S_only": {
      "top1": 0.5050826603650141,
      "balanced_acc": 0.5005482519094738,
      "nll": 0.9560219242717228,
      "brier": 0.5741157391423856,
      "ece": 0.0094714670291585,
      "majority_acc": 0.351470114347652,
      "per_action_recall": [
        0.3697666273997899,
        0.6373375232109698,
        0.4945406051176618
      ]
    },
    "S_plus_U": {
      "top1": 0.5097307801224525,
      "balanced_acc": 0.5047747704230837,
      "nll": 0.9470842709957074,
      "brier": 0.5682169482790367,
      "ece": 0.011741989433551887,
      "majority_acc": 0.351470114347652,
      "per_action_recall": [
        0.36616893247158455,
        0.634166547636052,
        0.5139888311616148
      ]
    },
    "S_plus_U_permuted": {
      "top1": 0.5011864423330437,
      "balanced_acc": 0.49651040546829966,
      "nll": 0.9594717568863645,
      "brier": 0.5762709277431216,
      "ece": 0.00977418190630353,
      "majority_acc": 0.351470114347652,
      "per_action_recall": [
        0.3621255054283804,
        0.6353378088844451,
        0.49206790209207346
      ]
    },
    "U_nll_reduction": 0.008937653276015478,
    "U_acc_improvement": 0.004648119757438396,
    "U_permutation_importance_nll": 0.01238748589065719
  },
  "per_action_U_recall_gain": [
    -0.003669565719899459,
    -0.00318712186689718,
    0.017688288517904938
  ]
}