{
  "all": {
    "n": 110868,
    "p_obs_mean": 0.4536218995917793,
    "p_obs_median": 0.38535054385930545,
    "min_prop_mean": 0.19343505489931498,
    "max_prop_mean": 0.5260646605821382,
    "action_entropy_mean": 0.9223690449429235,
    "norm_entropy_mean": 0.8395764861333812,
    "frac_min_lt_0.01": 0.06542915899989177,
    "frac_min_lt_0.05": 0.1588014575892052,
    "frac_min_lt_0.10": 0.21408341451094995,
    "frac_max_gt_0.90": 0.09459898257387163,
    "frac_max_gt_0.80": 0.13638741566547607
  },
  "decision": {
    "n": 8461,
    "p_obs_mean": 0.8455784957232002,
    "p_obs_median": 0.9553942580269079,
    "min_prop_mean": 0.02422302470878754,
    "max_prop_mean": 0.8773899157513215,
    "action_entropy_mean": 0.33321777987772083,
    "norm_entropy_mean": 0.30330789425420834,
    "frac_min_lt_0.01": 0.5733364850490485,
    "frac_min_lt_0.05": 0.8729464602292873,
    "frac_min_lt_0.10": 0.9403143836425955,
    "frac_max_gt_0.90": 0.6701335539534334,
    "frac_max_gt_0.80": 0.7741401725564354
  },
  "ordinary": {
    "n": 102407,
    "p_obs_mean": 0.42123793404383864,
    "p_obs_median": 0.374108186320715,
    "min_prop_mean": 0.20741557368652733,
    "max_prop_mean": 0.49703770945588244,
    "action_entropy_mean": 0.9710454914135423,
    "norm_entropy_mean": 0.8838836971237399,
    "frac_min_lt_0.01": 0.023465192809085315,
    "frac_min_lt_0.05": 0.09979786538029627,
    "frac_min_lt_0.10": 0.1540812639760954,
    "frac_max_gt_0.90": 0.047047565107853954,
    "frac_max_gt_0.80": 0.08369545050631305
  }
}