{
  "state_only_propensity": {
    "all": {
      "top1": 0.5445425855242267,
      "balanced_acc": 0.5353594046800375,
      "nll": 0.9307587662852176,
      "brier": 0.5525330159617438,
      "ece": 0.022461280717565826,
      "majority_acc": 0.3517461263795014,
      "per_action_recall": [
        0.3570482908301682,
        0.6784225059767601,
        0.5706074172331841
      ]
    },
    "decision": {
      "top1": 0.7835146034461689,
      "balanced_acc": 0.7748946544942368,
      "nll": 0.6080515760249623,
      "brier": 0.33199107652475923,
      "ece": 0.07171569320510353,
      "majority_acc": 0.39820359281437123,
      "per_action_recall": [
        0.7771053086633235,
        0.7166748647319232,
        0.8309037900874635
      ]
    },
    "ordinary": {
      "top1": 0.5161910008916468,
      "balanced_acc": 0.5023848242139045,
      "nll": 0.9690446722911426,
      "brier": 0.57869806036884,
      "ece": 0.01672115103246112,
      "majority_acc": 0.3616823852639057,
      "per_action_recall": [
        0.29675866176908566,
        0.6753051530274788,
        0.5350906578451489
      ]
    }
  },
  "propensity_distribution": {
    "all": {
      "n": 154313,
      "p_obs_mean": 0.43777021792828374,
      "p_obs_median": 0.3932318370703877,
      "min_prop_mean": 0.19285317943159666,
      "max_prop_mean": 0.5222999366494261,
      "action_entropy_mean": 0.957130213008815,
      "norm_entropy_mean": 0.8712174648703238,
      "frac_min_lt_0.01": 0.0014321541282976808,
      "frac_min_lt_0.05": 0.07977292904680747,
      "frac_min_lt_0.10": 0.18531167173212887,
      "frac_max_gt_0.90": 0.022583968946232658,
      "frac_max_gt_0.80": 0.08338895621237355
    },
    "decision": {
      "n": 16366,
      "p_obs_mean": 0.6337763108602351,
      "p_obs_median": 0.7075835977517284,
      "min_prop_mean": 0.08161858544881626,
      "max_prop_mean": 0.7147319287338255,
      "action_entropy_mean": 0.6977743315789704,
      "norm_entropy_mean": 0.6351415679365003,
      "frac_min_lt_0.01": 0.012037150189417084,
      "frac_min_lt_0.05": 0.3920933642918245,
      "frac_min_lt_0.10": 0.7276671147500916,
      "frac_max_gt_0.90": 0.08969815471098619,
      "frac_max_gt_0.80": 0.3804839300989857
    },
    "ordinary": {
      "n": 137947,
      "p_obs_mean": 0.41451610064465805,
      "p_obs_median": 0.38054772656394814,
      "min_prop_mean": 0.2060500257937661,
      "max_prop_mean": 0.4994698498591857,
      "action_entropy_mean": 0.9879001344676419,
      "norm_entropy_mean": 0.899225454382375,
      "frac_min_lt_0.01": 0.00017397986183099307,
      "frac_min_lt_0.05": 0.04271930524041842,
      "frac_min_lt_0.10": 0.12096674809890755,
      "frac_max_gt_0.90": 0.014621557554713041,
      "frac_max_gt_0.80": 0.0481416776008177
    }
  },
  "effective_sample_support": {
    "STAY": {
      "n": 46075,
      "ess": 31470.979885750992,
      "ess_frac": 0.683038087590906,
      "clip_min": 0.02
    },
    "UP": {
      "n": 53959,
      "ess": 26777.5627472567,
      "ess_frac": 0.49625757977828905,
      "clip_min": 0.02
    },
    "DOWN": {
      "n": 54279,
      "ess": 33515.385090704025,
      "ess_frac": 0.6174650433999157,
      "clip_min": 0.02
    }
  }
}