{
  "n_episodes": 60,
  "return": {
    "mean": 7.25,
    "median": 8.0,
    "std": 5.554652704415162,
    "ci95": [
      5.916666666666667,
      8.617083333333332
    ]
  },
  "win_rate": {
    "mean": 0.9166666666666666,
    "median": 1.0,
    "std": 0.27638539919628335,
    "ci95": [
      0.8333333333333334,
      0.9833333333333333
    ]
  },
  "loss_rate": {
    "mean": 0.08333333333333333,
    "median": 0.0,
    "std": 0.2763853991962833,
    "ci95": [
      0.016666666666666666,
      0.16666666666666666
    ]
  },
  "reach15_rate": {
    "mean": 0.08333333333333333,
    "median": 0.0,
    "std": 0.27638539919628335,
    "ci95": [
      0.016666666666666666,
      0.15
    ]
  },
  "final_score_diff": {
    "mean": 8.783333333333333,
    "median": 9.0,
    "std": 3.916170181298163,
    "ci95": [
      7.85,
      9.767083333333332
    ]
  },
  "mean_rally": {
    "mean": 76.10346006192864,
    "median": 75.55416666666667,
    "std": 4.423283847579034,
    "ci95": [
      75.06835175805796,
      77.2238860361137
    ]
  },
  "median_rally_per_ep": {
    "mean": 74.90833333333333,
    "median": 77.0,
    "std": 4.824841678461815,
    "ci95": [
      73.61625,
      76.08333333333333
    ]
  },
  "agent_points": {
    "mean": 20.583333333333332,
    "median": 21.0,
    "std": 1.4752589226603203,
    "ci95": [
      20.166666666666668,
      20.9
    ]
  },
  "opp_points": {
    "mean": 13.333333333333334,
    "median": 13.0,
    "std": 4.721110980361391,
    "ci95": [
      12.1,
      14.467083333333331
    ]
  },
  "episode_len": {
    "mean": 2571.883333333333,
    "median": 2579.5,
    "std": 276.50383310584,
    "ci95": [
      2502.815416666667,
      2638.8908333333334
    ]
  },
  "life_loss_total": 0,
  "truncation_rate": 0.0,
  "termination_rate": 1.0,
  "action_source": {
    "teacher": 0.8999241800755607,
    "epsilon_random": 0.10007581992443929
  },
  "exact_action_freq": [
    0.1324,
    0.1661,
    0.163,
    0.1694,
    0.1867,
    0.1823
  ],
  "semantic_action_freq": [
    0.2986,
    0.3497,
    0.3517
  ]
}