{
  "all": {
    "S_only": {
      "top1": 0.5445425855242267,
      "balanced_acc": 0.5353594046800375,
      "nll": 0.9307587662852176,
      "brier": 0.5525330159617438,
      "ece": 0.022461280717565826,
      "majority_acc": 0.3517461263795014,
      "per_action_recall": [
        0.3570482908301682,
        0.6784225059767601,
        0.5706074172331841
      ]
    },
    "S_plus_U": {
      "top1": 0.5531225496231685,
      "balanced_acc": 0.5430529007378332,
      "nll": 0.9198066801160019,
      "brier": 0.5453827531841794,
      "ece": 0.023345509027467622,
      "majority_acc": 0.3517461263795014,
      "per_action_recall": [
        0.34880086814975586,
        0.6673214848310755,
        0.6130363492326683
      ]
    },
    "S_plus_U_permuted": {
      "top1": 0.5426179259038448,
      "balanced_acc": 0.5333428992194503,
      "nll": 0.9328073331094494,
      "brier": 0.5538725456535862,
      "ece": 0.022905942346462524,
      "majority_acc": 0.3517461263795014,
      "per_action_recall": [
        0.35325013564839935,
        0.677792397931763,
        0.5689861640781886
      ]
    },
    "U_nll_reduction": 0.010952086169215725,
    "U_acc_improvement": 0.008579964098941795,
    "U_permutation_importance_nll": 0.013000652993447548
  },
  "decision": {
    "S_only": {
      "top1": 0.7835146034461689,
      "balanced_acc": 0.7748946544942368,
      "nll": 0.6080515760249623,
      "brier": 0.33199107652475923,
      "ece": 0.07171569320510353,
      "majority_acc": 0.39820359281437123,
      "per_action_recall": [
        0.7771053086633235,
        0.7166748647319232,
        0.8309037900874635
      ]
    },
    "S_plus_U": {
      "top1": 0.7821092508859832,
      "balanced_acc": 0.7734666688612167,
      "nll": 0.6060672899024241,
      "brier": 0.3308099413270262,
      "ece": 0.07257117148286152,
      "majority_acc": 0.39820359281437123,
      "per_action_recall": [
        0.7679405153034757,
        0.7174126906050172,
        0.8350468006751572
      ]
    },
    "S_plus_U_permuted": {
      "top1": 0.7798484663326408,
      "balanced_acc": 0.7714492429607415,
      "nll": 0.6134595874181251,
      "brier": 0.33556627110672627,
      "ece": 0.07306100044379504,
      "majority_acc": 0.39820359281437123,
      "per_action_recall": [
        0.770361404115511,
        0.7156910969011313,
        0.8282952278655823
      ]
    },
    "U_nll_reduction": 0.0019842861225382036,
    "U_acc_improvement": -0.001405352560185702,
    "U_permutation_importance_nll": 0.0073922975157010296
  },
  "ordinary": {
    "S_only": {
      "top1": 0.5161910008916468,
      "balanced_acc": 0.5023848242139045,
      "nll": 0.9690446722911426,
      "brier": 0.57869806036884,
      "ece": 0.01672115103246112,
      "majority_acc": 0.3616823852639057,
      "per_action_recall": [
        0.29675866176908566,
        0.6753051530274788,
        0.5350906578451489
      ]
    },
    "S_plus_U": {
      "top1": 0.5259556206369113,
      "balanced_acc": 0.5115419475510118,
      "nll": 0.9570286484098787,
      "brier": 0.5708396216833432,
      "ece": 0.017698080449250413,
      "majority_acc": 0.3616823852639057,
      "per_action_recall": [
        0.2886429067805023,
        0.6632393321708456,
        0.5827436037016875
      ]
    },
    "S_plus_U_permuted": {
      "top1": 0.5144729497560657,
      "balanced_acc": 0.5005637628668173,
      "nll": 0.9706946753929655,
      "brier": 0.5797723512980287,
      "ece": 0.01708301930468587,
      "majority_acc": 0.3616823852639057,
      "per_action_recall": [
        0.293383301896158,
        0.674703866273826,
        0.5336041204304678
      ]
    },
    "U_nll_reduction": 0.012016023881263882,
    "U_acc_improvement": 0.009764619745264436,
    "U_permutation_importance_nll": 0.013666026983086832
  },
  "per_action_U_recall_gain": [
    -0.008247422680412342,
    -0.011101021145684675,
    0.042428931999484165
  ]
}