{
  "state_only_propensity": {
    "all": {
      "top1": 0.530273946481917,
      "balanced_acc": 0.519328346392061,
      "nll": 0.9606101248045591,
      "brier": 0.5710743914391104,
      "ece": 0.02097622534888133,
      "majority_acc": 0.35416004576368143,
      "per_action_recall": [
        0.33507320453954775,
        0.6512320069266568,
        0.5716798277099785
      ]
    },
    "decision": {
      "top1": 0.7123182075132329,
      "balanced_acc": 0.7033411895332172,
      "nll": 0.7525286928495087,
      "brier": 0.4249750375704791,
      "ece": 0.06506693854998294,
      "majority_acc": 0.4024872809496891,
      "per_action_recall": [
        0.6688679245283019,
        0.6550218340611353,
        0.7861338100102145
      ]
    },
    "ordinary": {
      "top1": 0.5045803686054355,
      "balanced_acc": 0.4897298721562044,
      "nll": 0.989978567656307,
      "brier": 0.5916947345636958,
      "ece": 0.014820555042151481,
      "majority_acc": 0.363898136663983,
      "per_action_recall": [
        0.2817492213402994,
        0.6508341472165196,
        0.5366062479117942
      ]
    }
  },
  "propensity_distribution": {
    "all": {
      "n": 157330,
      "p_obs_mean": 0.4214901077187812,
      "p_obs_median": 0.3875351039596213,
      "min_prop_mean": 0.19811280655061295,
      "max_prop_mean": 0.5119583641150952,
      "action_entropy_mean": 0.9794250611627662,
      "norm_entropy_mean": 0.8915111102117391,
      "frac_min_lt_0.01": 0.00010805313671899828,
      "frac_min_lt_0.05": 0.022996249920549165,
      "frac_min_lt_0.10": 0.13952202377169007,
      "frac_max_gt_0.90": 0.0028475179558888957,
      "frac_max_gt_0.80": 0.043818724972986715
    },
    "decision": {
      "n": 19459,
      "p_obs_mean": 0.5500522441862108,
      "p_obs_median": 0.5957562783768895,
      "min_prop_mean": 0.11567019141242539,
      "max_prop_mean": 0.6494610472962271,
      "action_entropy_mean": 0.8145146985959703,
      "norm_entropy_mean": 0.7414032293261874,
      "frac_min_lt_0.01": 0.0008222416362608562,
      "frac_min_lt_0.05": 0.10365383627113418,
      "frac_min_lt_0.10": 0.5031091011871114,
      "frac_max_gt_0.90": 0.01392671771416825,
      "frac_max_gt_0.80": 0.1799681381365949
    },
    "ordinary": {
      "n": 137871,
      "p_obs_mean": 0.4033449530922122,
      "p_obs_median": 0.3771263564820025,
      "min_prop_mean": 0.20974868971657235,
      "max_prop_mean": 0.49255134804919554,
      "action_entropy_mean": 1.0027003746455676,
      "norm_entropy_mean": 0.9126972135558215,
      "frac_min_lt_0.01": 7.253156936556636e-06,
      "frac_min_lt_0.05": 0.011612304255427175,
      "frac_min_lt_0.10": 0.08820564150546525,
      "frac_max_gt_0.90": 0.0012838087777705246,
      "frac_max_gt_0.80": 0.02460270832880011
    }
  },
  "effective_sample_support": {
    "STAY": {
      "n": 46172,
      "ess": 35926.597721460465,
      "ess_frac": 0.7781035632301062,
      "clip_min": 0.02
    },
    "UP": {
      "n": 55438,
      "ess": 33263.0541069858,
      "ess_frac": 0.6000045836246942,
      "clip_min": 0.02
    },
    "DOWN": {
      "n": 55720,
      "ess": 39901.06734957593,
      "ess_frac": 0.7160995576018653,
      "clip_min": 0.02
    }
  }
}