{
  "n_episodes": 60,
  "return": {
    "mean": -4.033333333333333,
    "median": -4.0,
    "std": 5.434355732027691,
    "ci95": [
      -5.4,
      -2.6333333333333333
    ]
  },
  "win_rate": {
    "mean": 0.23333333333333334,
    "median": 0.0,
    "std": 0.42295258468165065,
    "ci95": [
      0.13333333333333333,
      0.3333333333333333
    ]
  },
  "loss_rate": {
    "mean": 0.7666666666666667,
    "median": 1.0,
    "std": 0.42295258468165065,
    "ci95": [
      0.6666666666666666,
      0.8666666666666667
    ]
  },
  "reach15_rate": {
    "mean": 0.0,
    "median": 0.0,
    "std": 0.0,
    "ci95": [
      0.0,
      0.0
    ]
  },
  "final_score_diff": {
    "mean": 2.566666666666667,
    "median": 2.0,
    "std": 2.5057711166203687,
    "ci95": [
      1.9333333333333333,
      3.2666666666666666
    ]
  },
  "mean_rally": {
    "mean": 71.72921618665978,
    "median": 70.82976973684211,
    "std": 4.987822449370851,
    "ci95": [
      70.46456850864294,
      73.04704782770416
    ]
  },
  "median_rally_per_ep": {
    "mean": 66.03333333333333,
    "median": 65.0,
    "std": 6.573853934759697,
    "ci95": [
      64.40833333333333,
      67.80041666666666
    ]
  },
  "agent_points": {
    "mean": 16.2,
    "median": 17.0,
    "std": 4.178516483155235,
    "ci95": [
      15.149583333333334,
      17.266666666666666
    ]
  },
  "opp_points": {
    "mean": 20.233333333333334,
    "median": 21.0,
    "std": 2.1707653540219916,
    "ci95": [
      19.633333333333333,
      20.7
    ]
  },
  "episode_len": {
    "mean": 2622.1666666666665,
    "median": 2619.5,
    "std": 385.2942670508117,
    "ci95": [
      2521.9958333333334,
      2718.9891666666663
    ]
  },
  "life_loss_total": 0,
  "truncation_rate": 0.0,
  "termination_rate": 1.0,
  "episode_cap_rate": 0.0,
  "action_source": {
    "teacher": 0.7992626962435645,
    "epsilon_random": 0.20073730375643553
  },
  "exact_action_freq": [
    0.1311,
    0.1624,
    0.1604,
    0.167,
    0.192,
    0.1872
  ],
  "semantic_action_freq": [
    0.2935,
    0.3524,
    0.3542
  ]
}