{
  "all": {
    "S_only": {
      "top1": 0.530273946481917,
      "balanced_acc": 0.519328346392061,
      "nll": 0.9606101248045591,
      "brier": 0.5710743914391104,
      "ece": 0.02097622534888133,
      "majority_acc": 0.35416004576368143,
      "per_action_recall": [
        0.33507320453954775,
        0.6512320069266568,
        0.5716798277099785
      ]
    },
    "S_plus_U": {
      "top1": 0.5416385940380093,
      "balanced_acc": 0.5291969843585188,
      "nll": 0.9512890263981697,
      "brier": 0.564852303277784,
      "ece": 0.022881642183475857,
      "majority_acc": 0.35416004576368143,
      "per_action_recall": [
        0.32038898033440183,
        0.6577798621883907,
        0.6094221105527639
      ]
    },
    "S_plus_U_permuted": {
      "top1": 0.5287167100997903,
      "balanced_acc": 0.5175193214285132,
      "nll": 0.9632285260580893,
      "brier": 0.5729132910027379,
      "ece": 0.019446989454057484,
      "majority_acc": 0.35416004576368143,
      "per_action_recall": [
        0.329052239452482,
        0.6515566939644287,
        0.5719490308686288
      ]
    },
    "U_nll_reduction": 0.009321098406389394,
    "U_acc_improvement": 0.011364647556092344,
    "U_permutation_importance_nll": 0.011939499659919584
  },
  "decision": {
    "S_only": {
      "top1": 0.7123182075132329,
      "balanced_acc": 0.7033411895332172,
      "nll": 0.7525286928495087,
      "brier": 0.4249750375704791,
      "ece": 0.06506693854998294,
      "majority_acc": 0.4024872809496891,
      "per_action_recall": [
        0.6688679245283019,
        0.6550218340611353,
        0.7861338100102145
      ]
    },
    "S_plus_U": {
      "top1": 0.7117529163883036,
      "balanced_acc": 0.7019241069023799,
      "nll": 0.7580927805761131,
      "brier": 0.42835492656832025,
      "ece": 0.07076056764789733,
      "majority_acc": 0.4024872809496891,
      "per_action_recall": [
        0.664308176100629,
        0.6489462692234669,
        0.792517875383044
      ]
    },
    "S_plus_U_permuted": {
      "top1": 0.70944036178632,
      "balanced_acc": 0.7003337412912208,
      "nll": 0.759997424572151,
      "brier": 0.4302254406360978,
      "ece": 0.07024428484076137,
      "majority_acc": 0.4024872809496891,
      "per_action_recall": [
        0.6632075471698113,
        0.6525536358458326,
        0.7852400408580184
      ]
    },
    "U_nll_reduction": -0.005564087726604328,
    "U_acc_improvement": -0.0005652911249293124,
    "U_permutation_importance_nll": 0.001904643996037958
  },
  "ordinary": {
    "S_only": {
      "top1": 0.5045803686054355,
      "balanced_acc": 0.4897298721562044,
      "nll": 0.989978567656307,
      "brier": 0.5916947345636958,
      "ece": 0.014820555042151481,
      "majority_acc": 0.363898136663983,
      "per_action_recall": [
        0.2817492213402994,
        0.6508341472165196,
        0.5366062479117942
      ]
    },
    "S_plus_U": {
      "top1": 0.5176287979343009,
      "balanced_acc": 0.5012106461016644,
      "nll": 0.9785565862726278,
      "brier": 0.5841174312117907,
      "ece": 0.016441021743610854,
      "majority_acc": 0.363898136663983,
      "per_action_recall": [
        0.26544760373756654,
        0.6587072213031433,
        0.5794771132642833
      ]
    },
    "S_plus_U_permuted": {
      "top1": 0.5032095219444264,
      "balanced_acc": 0.4880627797663512,
      "nll": 0.9919123972406794,
      "brier": 0.5930521373176586,
      "ece": 0.014818914317224461,
      "majority_acc": 0.363898136663983,
      "per_action_recall": [
        0.2756706520647041,
        0.651452034043571,
        0.5370656531907785
      ]
    },
    "U_nll_reduction": 0.011421981383679225,
    "U_acc_improvement": 0.013048429328865407,
    "U_permutation_importance_nll": 0.013355810968051607
  },
  "per_action_U_recall_gain": [
    -0.014684224205145924,
    0.006547855261733848,
    0.03774228284278536
  ]
}