{
  "all": {
    "n": 157330,
    "p_obs_mean": 0.4214901077187812,
    "p_obs_median": 0.3875351039596213,
    "min_prop_mean": 0.19811280655061295,
    "max_prop_mean": 0.5119583641150952,
    "action_entropy_mean": 0.9794250611627662,
    "norm_entropy_mean": 0.8915111102117391,
    "frac_min_lt_0.01": 0.00010805313671899828,
    "frac_min_lt_0.05": 0.022996249920549165,
    "frac_min_lt_0.10": 0.13952202377169007,
    "frac_max_gt_0.90": 0.0028475179558888957,
    "frac_max_gt_0.80": 0.043818724972986715
  },
  "decision": {
    "n": 19459,
    "p_obs_mean": 0.5500522441862108,
    "p_obs_median": 0.5957562783768895,
    "min_prop_mean": 0.11567019141242539,
    "max_prop_mean": 0.6494610472962271,
    "action_entropy_mean": 0.8145146985959703,
    "norm_entropy_mean": 0.7414032293261874,
    "frac_min_lt_0.01": 0.0008222416362608562,
    "frac_min_lt_0.05": 0.10365383627113418,
    "frac_min_lt_0.10": 0.5031091011871114,
    "frac_max_gt_0.90": 0.01392671771416825,
    "frac_max_gt_0.80": 0.1799681381365949
  },
  "ordinary": {
    "n": 137871,
    "p_obs_mean": 0.4033449530922122,
    "p_obs_median": 0.3771263564820025,
    "min_prop_mean": 0.20974868971657235,
    "max_prop_mean": 0.49255134804919554,
    "action_entropy_mean": 1.0027003746455676,
    "norm_entropy_mean": 0.9126972135558215,
    "frac_min_lt_0.01": 7.253156936556636e-06,
    "frac_min_lt_0.05": 0.011612304255427175,
    "frac_min_lt_0.10": 0.08820564150546525,
    "frac_max_gt_0.90": 0.0012838087777705246,
    "frac_max_gt_0.80": 0.02460270832880011
  }
}