{
  "region_summary": {
    "ball_all": {
      "js_sem": {
        "mean": 0.21629163238986937,
        "median": 0.12358837368181613,
        "ci95": [
          0.1662219286417675,
          0.2736875651776321
        ],
        "n": 65
      },
      "js_rel_background": {
        "mean": 0.21629076338620667,
        "median": 0.12358767443932875,
        "ci95": [
          0.16622095300176837,
          0.2736870722368945
        ],
        "n": 65
      },
      "top1_flip": {
        "mean": 0.47692307692307695,
        "median": 0.0,
        "ci95": [
          0.3688461538461539,
          0.6
        ],
        "n": 65
      },
      "pref_drop": {
        "mean": 0.3034944806224027,
        "median": 0.27067352090460184,
        "ci95": [
          0.22614349599025177,
          0.3829974802373769
        ],
        "n": 65
      }
    },
    "own_paddle_all": {
      "js_sem": {
        "mean": 0.04812593705319602,
        "median": 0.012123496944940367,
        "ci95": [
          0.02870463322117813,
          0.06975774051539928
        ],
        "n": 67
      },
      "js_rel_background": {
        "mean": 0.048125037569120704,
        "median": 0.012121990424949242,
        "ci95": [
          0.0287038269577332,
          0.06975697912618448
        ],
        "n": 67
      },
      "top1_flip": {
        "mean": 0.1791044776119403,
        "median": 0.0,
        "ci95": [
          0.08955223880597014,
          0.2835820895522388
        ],
        "n": 67
      },
      "pref_drop": {
        "mean": 0.05856225718756399,
        "median": 0.02202647857707085,
        "ci95": [
          0.01939914579576861,
          0.10059332006498345
        ],
        "n": 67
      }
    },
    "opponent_all": {
      "js_sem": {
        "mean": 0.008088740543344464,
        "median": 0.0015847376115688337,
        "ci95": [
          0.003013563114583103,
          0.01691806863488059
        ],
        "n": 67
      },
      "js_rel_background": {
        "mean": 0.008087841059269156,
        "median": 0.0015844323905040202,
        "ci95": [
          0.0030127491227610057,
          0.01691719717491819
        ],
        "n": 67
      },
      "top1_flip": {
        "mean": 0.07462686567164178,
        "median": 0.0,
        "ci95": [
          0.014925373134328358,
          0.14925373134328357
        ],
        "n": 67
      },
      "pref_drop": {
        "mean": 0.008942228190979385,
        "median": 0.0005323685531875011,
        "ci95": [
          -0.010218960101462962,
          0.03236703176139062
        ],
        "n": 67
      }
    },
    "opponent_opp_side": {
      "js_sem": {
        "mean": 0.014379321760087594,
        "median": 0.0031221120662041427,
        "ci95": [
          0.0037934747390592316,
          0.03247422576169969
        ],
        "n": 31
      },
      "js_rel_background": {
        "mean": 0.014378299559738038,
        "median": 0.0031217303914951814,
        "ci95": [
          0.0037924429845086274,
          0.03247343412020938
        ],
        "n": 31
      },
      "top1_flip": {
        "mean": 0.12903225806451613,
        "median": 0.0,
        "ci95": [
          0.03225806451612903,
          0.25806451612903225
        ],
        "n": 31
      },
      "pref_drop": {
        "mean": 0.0302007539138934,
        "median": 0.011223688249362818,
        "ci95": [
          -0.006743261261568548,
          0.0753171498029508
        ],
        "n": 31
      }
    },
    "opponent_decision": {
      "js_sem": {
        "mean": 0.0008040900111569875,
        "median": 0.00012706515017815712,
        "ci95": [
          0.00018451814747059235,
          0.0017559198200758875
        ],
        "n": 24
      },
      "js_rel_background": {
        "mean": 0.0008039831792302962,
        "median": 0.00012706325343834948,
        "ci95": [
          0.00018449037973477917,
          0.0017558233929571543
        ],
        "n": 24
      },
      "top1_flip": {
        "mean": 0.0,
        "median": 0.0,
        "ci95": [
          0.0,
          0.0
        ],
        "n": 24
      },
      "pref_drop": {
        "mean": -0.00679189504369911,
        "median": 0.0003934996971722837,
        "ci95": [
          -0.017873066811108892,
          0.0009985313684768252
        ],
        "n": 24
      }
    },
    "scoreboard_all": {
      "js_sem": {
        "mean": 0.030121536753667386,
        "median": 0.0033713128291525656,
        "ci95": [
          0.010458882508585282,
          0.06083957009947344
        ],
        "n": 67
      },
      "js_rel_background": {
        "mean": 0.030120637269592077,
        "median": 0.003371007608087752,
        "ci95": [
          0.010458059436313496,
          0.06083858663563982
        ],
        "n": 67
      },
      "top1_flip": {
        "mean": 0.16417910447761194,
        "median": 0.0,
        "ci95": [
          0.07462686567164178,
          0.2537313432835821
        ],
        "n": 67
      },
      "pref_drop": {
        "mean": 0.04282043741411003,
        "median": 0.001452661369010677,
        "ci95": [
          0.013812389407946147,
          0.07982106082405614
        ],
        "n": 67
      }
    },
    "scoreboard_restart": {
      "js_sem": {
        "mean": 0.022356510427723558,
        "median": 0.0021749932714778255,
        "ci95": [
          0.0013449080110633084,
          0.06311989885002715
        ],
        "n": 7
      },
      "js_rel_background": {
        "mean": 0.022355684625498657,
        "median": 0.0021746784583226452,
        "ci95": [
          0.0013446198678607794,
          0.06311879540181133
        ],
        "n": 7
      },
      "top1_flip": {
        "mean": 0.14285714285714285,
        "median": 0.0,
        "ci95": [
          0.0,
          0.42857142857142855
        ],
        "n": 7
      },
      "pref_drop": {
        "mean": 0.03996375174380612,
        "median": 0.0012219816860474797,
        "ci95": [
          -0.01555470807791586,
          0.13259189988267508
        ],
        "n": 7
      }
    },
    "background": {
      "js_sem": {
        "mean": 8.994840753082265e-07,
        "median": 3.163572367049679e-07,
        "ci95": [
          5.718403644246199e-07,
          1.3078578435815564e-06
        ],
        "n": 67
      },
      "js_rel_background": {
        "mean": 0.0,
        "median": 0.0,
        "ci95": [
          0.0,
          0.0
        ],
        "n": 67
      },
      "top1_flip": {
        "mean": 0.0,
        "median": 0.0,
        "ci95": [
          0.0,
          0.0
        ],
        "n": 67
      },
      "pref_drop": {
        "mean": 0.00016517108026364692,
        "median": 1.9934999193615965e-06,
        "ci95": [
          -7.59296995508462e-05,
          0.0004108610342285842
        ],
        "n": 67
      }
    }
  },
  "temporal": {
    "opponent_K=1": {
      "js_sem": {
        "mean": 0.00984873532185132,
        "median": 0.0016395287514031909,
        "ci95": [
          0.003596231972839624,
          0.020685989304119856
        ],
        "n": 67
      },
      "top1_flip": {
        "mean": 0.07462686567164178,
        "median": 0.0,
        "ci95": [
          0.014925373134328358,
          0.14925373134328357
        ],
        "n": 67
      },
      "recur_l2": {
        "mean": 13.48244863481664,
        "median": 11.27690315246582,
        "ci95": [
          11.909129195426829,
          15.29733713491639
        ],
        "n": 67
      }
    },
    "scoreboard_K=1": {
      "js_sem": {
        "mean": 0.028887526053497932,
        "median": 0.0029490070898451843,
        "ci95": [
          0.010521157717524538,
          0.05738133973871413
        ],
        "n": 67
      },
      "top1_flip": {
        "mean": 0.1791044776119403,
        "median": 0.0,
        "ci95": [
          0.08955223880597014,
          0.2835820895522388
        ],
        "n": 67
      },
      "recur_l2": {
        "mean": 17.27526711705905,