{
  "zero_hidden_js_sem": {
    "mean": 0.035099732135105276,
    "median": 0.01810004704449126,
    "ci95": [
      0.024959211503232506,
      0.04743494166947842
    ],
    "n": 67
  },
  "zero_hidden_logit_l2": {
    "mean": 4.966809561553875,
    "median": 3.6328500026616424,
    "ci95": [
      4.013248314367544,
      5.972396854850545
    ],
    "n": 67
  },
  "zero_hidden_flip_rate": {
    "mean": 0.22388059701492538,
    "median": 0.0,
    "ci95": [
      0.13432835820895522,
      0.3138059701492517
    ],
    "n": 67
  },
  "mismatch_hidden_js_sem": {
    "mean": 0.05713950321896551,
    "median": 0.03383595227630053,
    "ci95": [
      0.04226707145740142,
      0.0733749925944486
    ],
    "n": 66
  }
}