{
  "opponent_K=1": {
    "js_sem": {
      "mean": 0.00984873532185132,
      "median": 0.0016395287514031909,
      "ci95": [
        0.003596231972839624,
        0.020685989304119856
      ],
      "n": 67
    },
    "top1_flip": {
      "mean": 0.07462686567164178,
      "median": 0.0,
      "ci95": [
        0.014925373134328358,
        0.14925373134328357
      ],
      "n": 67
    },
    "recur_l2": {
      "mean": 13.48244863481664,
      "median": 11.27690315246582,
      "ci95": [
        11.909129195426829,
        15.29733713491639
      ],
      "n": 67
    }
  },
  "scoreboard_K=1": {
    "js_sem": {
      "mean": 0.028887526053497932,
      "median": 0.0029490070898451843,
      "ci95": [
        0.010521157717524538,
        0.05738133973871413
      ],
      "n": 67
    },
    "top1_flip": {
      "mean": 0.1791044776119403,
      "median": 0.0,
      "ci95": [
        0.08955223880597014,
        0.2835820895522388
      ],
      "n": 67
    },
    "recur_l2": {
      "mean": 17.27526711705905,
      "median": 15.185338020324707,
      "ci95": [
        15.79767123478562,
        18.923176481830538
      ],
      "n": 67
    }
  },
  "opponent_K=4": {
    "js_sem": {
      "mean": 0.01016673078542422,
      "median": 0.0020806656632718704,
      "ci95": [
        0.0038289932152468127,
        0.02105245019503447
      ],
      "n": 67
    },
    "top1_flip": {
      "mean": 0.08955223880597014,
      "median": 0.0,
      "ci95": [
        0.029850746268656716,
        0.16417910447761194
      ],
      "n": 67
    },
    "recur_l2": {
      "mean": 15.064144227042126,
      "median": 12.696310043334961,
      "ci95": [
        13.486543285846711,
        16.786431648837983
      ],
      "n": 67
    }
  },
  "scoreboard_K=4": {
    "js_sem": {
      "mean": 0.030054468677928953,
      "median": 0.003377730611224653,
      "ci95": [
        0.01331526246373471,
        0.053771059824960374
      ],
      "n": 67
    },
    "top1_flip": {
      "mean": 0.208955223880597,
      "median": 0.0,
      "ci95": [
        0.11940298507462686,
        0.31343283582089554
      ],
      "n": 67
    },
    "recur_l2": {
      "mean": 23.797616076113574,
      "median": 22.24419593811035,
      "ci95": [
        22.18789926998651,
        25.542461771751515
      ],
      "n": 67
    }
  },
  "opponent_K=8": {
    "js_sem": {
      "mean": 0.010229510541563108,
      "median": 0.0020728669912816753,
      "ci95": [
        0.003876760141181069,
        0.02108781719847925
      ],
      "n": 67
    },
    "top1_flip": {
      "mean": 0.08955223880597014,
      "median": 0.0,
      "ci95": [
        0.029850746268656716,
        0.16417910447761194
      ],
      "n": 67
    },
    "recur_l2": {
      "mean": 15.374744023849715,
      "median": 13.43222713470459,
      "ci95": [
        13.865644872366492,
        17.08891531691622
      ],
      "n": 67
    }
  },
  "scoreboard_K=8": {
    "js_sem": {
      "mean": 0.032607824186476106,
      "median": 0.0036842503290846406,
      "ci95": [
        0.014156978671757383,
        0.05812315610895591
      ],
      "n": 67
    },
    "top1_flip": {
      "mean": 0.208955223880597,
      "median": 0.0,
      "ci95": [
        0.11940298507462686,
        0.31343283582089554
      ],
      "n": 67
    },
    "recur_l2": {
      "mean": 27.722363030732566,
      "median": 25.691816329956055,
      "ci95": [
        25.830201224426727,
        29.77809740892097
      ],
      "n": 67
    }
  },
  "opponent_K=16": {
    "js_sem": {
      "mean": 0.010289370756277158,
      "median": 0.002058721068573006,
      "ci95": [
        0.0038563658236196795,
        0.0213340814907643
      ],
      "n": 67
    },
    "top1_flip": {
      "mean": 0.08955223880597014,
      "median": 0.0,
      "ci95": [
        0.029850746268656716,
        0.16417910447761194
      ],
      "n": 67
    },
    "recur_l2": {
      "mean": 15.604944442635151,
      "median": 13.606206893920898,
      "ci95": [
        14.069221724325152,
        17.285319225467852
      ],
      "n": 67
    }
  },
  "scoreboard_K=16": {
    "js_sem": {
      "mean": 0.034694377139211835,
      "median": 0.003992360028015736,
      "ci95": [
        0.015432907757861066,
        0.06098962046773636
      ],
      "n": 67
    },
    "top1_flip": {
      "mean": 0.23880597014925373,
      "median": 0.0,
      "ci95": [
        0.14925373134328357,
        0.34328358208955223
      ],
      "n": 67
    },
    "recur_l2": {
      "mean": 32.28243659859273,
      "median": 29.11260986328125,
      "ci95": [
        30.239939098215814,
        34.48818743905025
      ],
      "n": 67
    }
  }
}